,A549_form_screen_IR_Reductive_amination_lung_epithelium_in_vitro,RM_BL_AG_carbonate_RM_carbonate_generic_cell_in_vitro,Zhou_dendrimer_Zhou_dendrimer_generic_cell_in_vitro,LM_3CR_LM_3CR_macrophage_in_vitro,Raj_Jacob_ML_branched_ester_RM_Michael_addition_branched_spleen_intravenous,Whitehead_siRNA_whitehead_lipidoid_liver_intravenous,Whitehead_siRNA_whitehead_lipidoid_generic_cell_in_vitro,Zhou_dendrimer_Zhou_dendrimer_liver_intravenous,Luke_Raj_Branched_ester_RM_Michael_addition_branched_liver_intravenous,A549_form_screen_RM_Michael_addition_branched_lung_epithelium_in_vitro,IR_BL_AG_4CR_IR_4CR_aldehyde_generic_cell_in_vitro,IR_BL_AG_4CR_IR_4CR_aldehyde_muscle_intramuscular,LM_3CR_LM_3CR_dendritic_cell_in_vitro,LM_3CR_LM_3CR_generic_cell_in_vitro,Raj_Jacob_ML_branched_ester_RM_Michael_addition_branched_lung_intravenous,Liu_Phospholipids_Liu_iPhos_generic_cell_in_vitro,Raj_Jacob_ML_branched_ester_RM_Michael_addition_branched_liver_intravenous,IR_BL_AG_3CR_sting_IR_3CR_sting_generic_cell_in_vitro,Raj_Jacob_ML_branched_ester_RM_Michael_addition_branched_muscle_intramuscular
0,0.15532371201976705,0.18392856073856775,0.6716368566332838,,0.09855659098042276,0.2731226964236668,0.4306764519328022,,0.6021310064009321,0.5566317758386922,-0.1315184140401798,0.1199180425189361,,0.42376465339341624,,0.5619439916387846,0.1926523713030543,0.10102730394192735,
1,0.6323436110758055,0.32613514344910355,0.46416821379239104,,0.2871999837134074,0.019144181504485297,0.28740176442340376,,0.545520603040791,0.7351030413141947,-0.02216268109695597,-0.15109913953913606,,0.5153169237287214,,0.5920906211213124,0.21714718629679272,0.339858768875778,
2,0.20527345738937247,0.21911893969639326,0.6547984029852212,,0.2889105061400385,0.002726742479714648,0.7207167315853135,,0.7150134049864392,0.576143464243022,0.01845989844013208,0.1425113700238366,,0.4338108161951156,,0.6255737646391379,0.5790627537465418,0.3357529135805818,
3,0.7580561313500308,0.05170816599926417,0.5670930390320337,,0.39164847371781003,0.05073948732123141,0.44668816617969803,,0.8063475237139672,0.589073190026719,0.21388326757657677,,,0.4399334960854109,,0.23358947222833024,0.11850341608175344,-0.2195909181348065,
4,0.8128776384599814,-0.0644343076630285,0.5744267691356331,,0.41364975855130365,-0.1724899141575343,0.546070782304566,,0.6765849138045934,0.7972064868282621,0.13491972379066414,,,0.5880315748680964,,0.5795370164212514,0.5607910770311807,0.2758339897795603,
