,Whitehead_siRNA_whitehead_lipidoid_generic_cell_in_vitro,Raj_Jacob_ML_branched_ester_RM_Michael_addition_branched_liver_intravenous,Whitehead_siRNA_whitehead_lipidoid_liver_intravenous,LM_3CR_LM_3CR_generic_cell_in_vitro,IR_BL_AG_4CR_IR_4CR_aldehyde_generic_cell_in_vitro,Zhou_dendrimer_Zhou_dendrimer_generic_cell_in_vitro,A549_form_screen_RM_Michael_addition_branched_lung_epithelium_in_vitro,Zhou_dendrimer_Zhou_dendrimer_liver_intravenous,LM_3CR_LM_3CR_dendritic_cell_in_vitro,RM_BL_AG_carbonate_RM_carbonate_generic_cell_in_vitro,Luke_Raj_Branched_ester_RM_Michael_addition_branched_liver_intravenous,Raj_Jacob_ML_branched_ester_RM_Michael_addition_branched_lung_intravenous,A549_form_screen_IR_Reductive_amination_lung_epithelium_in_vitro,Raj_Jacob_ML_branched_ester_RM_Michael_addition_branched_spleen_intravenous,IR_BL_AG_4CR_IR_4CR_aldehyde_muscle_intramuscular,IR_BL_AG_3CR_sting_IR_3CR_sting_generic_cell_in_vitro,Liu_Phospholipids_Liu_iPhos_generic_cell_in_vitro,Raj_Jacob_ML_branched_ester_RM_Michael_addition_branched_muscle_intramuscular,LM_3CR_LM_3CR_macrophage_in_vitro
0,0.4306764519328023,0.19265237130305424,0.27312269642366693,0.4237646533934163,-0.1315184140401799,0.6716368566332838,0.5566317758386923,,,0.18392856073856778,0.602131006400932,,0.15532371201976702,0.09855659098042278,0.11991804251893612,0.10102730394192735,0.5619439916387846,,
1,0.2874017644234034,0.21714718629679275,0.01914418150448531,0.5153169237287212,-0.02216268109695595,0.46416821379239304,0.7351030413141945,,,0.3261351434491033,0.54552060304079,,0.6323436110758058,0.2871999837134074,-0.15109913953913595,0.33985876887577793,0.592090621121313,,
2,0.7207167315853136,0.5790627537465418,0.0027267424797147027,0.4338108161951154,0.018459898440132086,0.6547984029852243,0.5761434642430219,,,0.21911893969639323,0.7150134049864386,,0.20527345738937236,0.28891050614003844,0.14251137002383663,0.33575291358058185,0.6255737646391366,,
3,0.4466881661796977,0.11850341608175337,0.05073948732123146,0.43993349608541066,0.2138832675765768,0.5670930390320361,0.589073190026719,,,0.05170816599926419,0.8063475237139666,,0.758056131350031,0.39164847371781003,,-0.21959091813480636,0.23358947222833035,,
4,0.5460707823045658,0.5607910770311806,-0.17248991415753429,0.5880315748680962,0.13491972379066414,0.5744267691356323,0.7972064868282618,,,-0.0644343076630285,0.6765849138045927,,0.8128776384599818,0.4136497585513035,,0.27583398977956036,0.5795370164212511,,
