,Whitehead_siRNA_whitehead_lipidoid_generic_cell_in_vitro,Raj_Jacob_ML_branched_ester_RM_Michael_addition_branched_liver_intravenous,Whitehead_siRNA_whitehead_lipidoid_liver_intravenous,LM_3CR_LM_3CR_generic_cell_in_vitro,IR_BL_AG_4CR_IR_4CR_aldehyde_generic_cell_in_vitro,Zhou_dendrimer_Zhou_dendrimer_generic_cell_in_vitro,A549_form_screen_RM_Michael_addition_branched_lung_epithelium_in_vitro,Zhou_dendrimer_Zhou_dendrimer_liver_intravenous,LM_3CR_LM_3CR_dendritic_cell_in_vitro,RM_BL_AG_carbonate_RM_carbonate_generic_cell_in_vitro,Luke_Raj_Branched_ester_RM_Michael_addition_branched_liver_intravenous,Raj_Jacob_ML_branched_ester_RM_Michael_addition_branched_lung_intravenous,A549_form_screen_IR_Reductive_amination_lung_epithelium_in_vitro,Raj_Jacob_ML_branched_ester_RM_Michael_addition_branched_spleen_intravenous,IR_BL_AG_4CR_IR_4CR_aldehyde_muscle_intramuscular,IR_BL_AG_3CR_sting_IR_3CR_sting_generic_cell_in_vitro,Liu_Phospholipids_Liu_iPhos_generic_cell_in_vitro,Raj_Jacob_ML_branched_ester_RM_Michael_addition_branched_muscle_intramuscular,LM_3CR_LM_3CR_macrophage_in_vitro
0,1.0152618579644994,1.3778232593874145,0.951499790459103,0.8998952167726667,1.198947022471168,0.851090295198531,0.8792781150129819,,,1.0272346337107123,1.4782408043648565,,1.745942035243921,1.4460088926044052,1.179102856818232,1.3411883640781679,1.1315048747607606,,
1,1.250947863663533,1.2036880715468605,1.7294252615819472,1.0041726836794962,1.4635652132511756,1.106187801676842,0.9815356205902243,,,1.0919272124318729,1.101516185802002,,0.6556488500753984,1.0802492655462477,1.5117068875206652,1.3751140644393385,1.2675098844752921,,
2,0.7822315480728533,0.81526104935017,1.4269865793581973,0.8185038929752029,1.1100110699396164,1.1230379726855237,1.1488527629505692,,,1.2098229946268173,0.8469361681135287,,1.0284613304987837,1.0558144661033873,0.8702255447965394,1.1544508758539034,0.7531104560955605,,
3,1.3546706166943436,1.1615317558583311,1.2566482111375223,0.9520437600069093,1.3023518571324946,0.8378392295802837,1.0543879683420587,,,1.5298389911646195,0.6734815109762806,,0.8820254492944355,0.8613608985224043,,1.0733048785067916,0.809251269182027,,
4,0.9561946173331114,1.2996275090946643,1.403031619172712,0.8700679304818005,1.277259697037799,1.0045494415081586,0.7405786132280509,,,1.0012022178521323,0.9770120628162773,,0.754841664921636,1.0953829270703241,,1.1122895788433835,0.8326666315564163,,
