,Sanofi_goods_Sanofi_goods_muscle_intramuscular,Yan_aza_michael_Yan_aza_michael_generic_cell_in_vitro,Li_enzyme_catalyzed_Li_enzyme_catalyzed_generic_cell_in_vitro,Chen_disulfide_Chen_disulfide_generic_cell_in_vitro,Chen_disulfide_Chen_disulfide_liver_intravenous,He_4CR_aldehyde_He_4CR_aldehyde_liver_intravenous,He_4CR_aldehyde_He_4CR_aldehyde_spleen_intravenous
0,0.6588597051108844,0.061772412678709976,,0.06998964726756152,,0.638049084140029,0.13837693495550704
1,0.6369747261359828,0.08975440891964903,-0.020430810534607987,0.08519427513705972,,0.33149677206589795,0.3742013362170691
2,0.5056631685697643,0.4571077860371756,0.03704618537286558,,,0.6072084653135799,0.3377959255855875
3,0.4754787760832217,0.189823591461956,-0.016458814996458092,0.6227523687795277,,0.2404930351219409,0.42464064845429045
4,0.3559485642278262,0.23586408826243163,0.3747909116090586,0.6985725896452444,,0.3,0.30641293851417056
