,Sanofi_goods_Sanofi_goods_muscle_intramuscular,Yan_aza_michael_Yan_aza_michael_generic_cell_in_vitro,Li_enzyme_catalyzed_Li_enzyme_catalyzed_generic_cell_in_vitro,Chen_disulfide_Chen_disulfide_generic_cell_in_vitro,Chen_disulfide_Chen_disulfide_liver_intravenous,He_4CR_aldehyde_He_4CR_aldehyde_liver_intravenous,He_4CR_aldehyde_He_4CR_aldehyde_spleen_intravenous
0,4.69451574576656e-18,0.9668745957658299,,0.8209553564386993,,1.0643748972068503e-15,0.021680923128916414
1,3.1188597482499856e-11,0.5385719320794011,0.37792126438314533,0.4890564015245566,,4.931379908215713e-06,0.2767887920934327
2,1.7187887061400376e-07,0.0021796980061159483,0.2377551038173812,,,3.0833660886935e-13,0.0005302214584700488
3,0.00037041499003553604,0.3570772402568726,0.5190005238157253,6.234751850866851e-05,,0.029000311586424448,0.019942952127424637
4,0.0013636049137030184,0.1826059497453086,0.20227337552286026,0.0009065757777862451,,0.18972790888281885,0.0677990743401773
