,He_4CR_aldehyde_He_4CR_aldehyde_spleen_intravenous,Chen_disulfide_Chen_disulfide_liver_intravenous,Chen_disulfide_Chen_disulfide_generic_cell_in_vitro,Yan_aza_michael_Yan_aza_michael_generic_cell_in_vitro,He_4CR_aldehyde_He_4CR_aldehyde_liver_intravenous,Sanofi_goods_Sanofi_goods_muscle_intramuscular,Li_enzyme_catalyzed_Li_enzyme_catalyzed_generic_cell_in_vitro
0,0.30629774905574186,,0.048772901477036244,0.009653187691520765,0.8360989857800267,0.8830720535428078,
1,0.32615282260590883,,0.18655778016759136,0.14222201879249877,0.9137303167470129,0.7725861188615558,0.18842175900941607
2,0.49104227359030783,,,0.6305864896461058,0.8395852310800539,0.7324722325241161,0.2504987987331452
3,0.6122670691457628,,0.8327342050405577,0.2116370505329005,0.5819912939982691,0.561142792596047,0.1383889388653008
4,0.4675897705947749,,0.7459508907569632,0.3780529674470981,0.34566881938662697,0.5133975033249327,0.2698233785877058
