,He_4CR_aldehyde_He_4CR_aldehyde_spleen_intravenous,Chen_disulfide_Chen_disulfide_liver_intravenous,Chen_disulfide_Chen_disulfide_generic_cell_in_vitro,Yan_aza_michael_Yan_aza_michael_generic_cell_in_vitro,He_4CR_aldehyde_He_4CR_aldehyde_liver_intravenous,Sanofi_goods_Sanofi_goods_muscle_intramuscular,Li_enzyme_catalyzed_Li_enzyme_catalyzed_generic_cell_in_vitro
0,0.021680923128916414,,0.8209553564386993,0.9668745957658302,1.0643748972067777e-15,4.694515745766347e-18,
1,0.2767887920934331,,0.489056401524557,0.5385719320794012,4.931379908215787e-06,3.118859748250127e-11,0.3779212643831448
2,0.0005302214584700488,,,0.002179698006115958,3.0833660886936726e-13,1.7187887061400376e-07,0.2377551038173812
3,0.019942952127424637,,6.234751850866851e-05,0.3570772402568727,0.029000311586424393,0.00037041499003553604,0.5190005238157253
4,0.0677990743401773,,0.0009065757777862501,0.1826059497453086,0.18972790888281915,0.0013636049137030184,0.20227337552286026
