,Sanofi_goods_Sanofi_goods_muscle_intramuscular,Yan_aza_michael_Yan_aza_michael_generic_cell_in_vitro,Li_enzyme_catalyzed_Li_enzyme_catalyzed_generic_cell_in_vitro,Chen_disulfide_Chen_disulfide_generic_cell_in_vitro,Chen_disulfide_Chen_disulfide_liver_intravenous,He_4CR_aldehyde_He_4CR_aldehyde_liver_intravenous,He_4CR_aldehyde_He_4CR_aldehyde_spleen_intravenous
0,0.5506484497360759,1.4209392841405362,0.7594425461114543,1.0058660342561365,,0.7283613125952235,1.079160651323001
1,0.9426398633672992,0.8062765233331316,0.5050967635347595,1.2562242060587685,,0.4948714861166625,0.4269483041762579
2,0.8510237816780689,0.7911846365746813,1.245325220897486,,,0.8122850774064898,0.801062774014655
3,0.9260109140669447,1.0821393993516197,2.018498101903381,0.7027588471543884,,0.7807891150292513,0.9276323136641508
4,0.8094468077508258,1.0005449306064835,1.0297906639805625,0.8312547522161955,,0.9374650465372909,0.5124311819960775
