,Sanofi_goods_Sanofi_goods_muscle_intramuscular,Yan_aza_michael_Yan_aza_michael_generic_cell_in_vitro,Li_enzyme_catalyzed_Li_enzyme_catalyzed_generic_cell_in_vitro,Chen_disulfide_Chen_disulfide_generic_cell_in_vitro,Chen_disulfide_Chen_disulfide_liver_intravenous,He_4CR_aldehyde_He_4CR_aldehyde_liver_intravenous,He_4CR_aldehyde_He_4CR_aldehyde_spleen_intravenous
0,0.8446345865963727,0.09873863595115359,,0.09257390715733245,,0.8184909862931676,0.20272596723546213
1,0.8289898974272175,0.07242013633851413,-0.03753538578410026,0.1223235870376556,,0.4532455988009745,0.3933978962347216
2,0.696165703678991,0.5806067704935344,0.06990032657454254,,,0.777408858808756,0.4594804201595228
3,0.6718732049925449,0.20947309376157353,-0.0797636620819519,0.7239227659930267,,0.31568121750145756,0.5733217690108623
4,0.5009014022980643,0.3018722709866231,0.5130446784543774,0.8270351816282387,,0.411764705882353,0.36407282184728257
